[{"title":"M1 / M2","links":[{"text":"Bleed Rapier","url":"https://www.nw-buddy.de/gearsets/embed/suyv5yevd0kt1ag/s_67_8xqaefxipjr","rotation_text":"<b>test</b> \n\nLorem ipsum dolor sit amet, consectetuer adipiscing elit. Aenean commodo ligula eget dolor. Aenean massa. Cum sociis natoque penatibus et magnis dis parturient montes, nascetur ridiculus mus. Donec quam felis, ultricies nec, pellentesque eu, pretium quis, sem. Nulla consequat massa quis enim. Donec pede justo, fringilla vel, aliquet nec, vulputate eget, arcu. In enim justo, rhoncus ut, imperdiet a, venenatis vitae, justo. Nullam dictum felis eu pede mollis pretium. Integer tincidunt. Cras dapibus. Vivamus elementum semper nisi. Aenean vulputate eleifend tellus. Aenean leo ligula, porttitor eu, consequat vitae, eleifend ac, enim. Aliquam lorem ante, dapibus in, viverra quis, feugiat a, tellus. Phasellus viverra nulla ut metus varius laoreet. Quisque rutrum. Aenean imperdiet. Etiam ultricies nisi vel augue. Curabitur ullamcorper ultricies nisi. Nam eget dui. Etiam rhoncus. Maecenas tempus, tellus eget condimentum rhoncus, sem quam semper libero, sit amet adipiscing sem neque sed ipsum. Nam quam nunc, blandit vel, luctus pulvinar, hendrerit id, lorem. Maecenas nec odio et ante tincidunt tempus. Donec vitae sapien ut libero venenatis faucibus. Nullam quis ante. Etiam sit amet orci eget eros faucibus tincidunt. Duis leo. Sed fringilla mauris sit amet nibh. Donec sodales sagittis magna. Sed consequat, leo eget bibendum sodales, augue velit cursus nunc, quis gravida magna mi a libero. Fusce vulputate eleifend sapien. Vestibulum purus quam, scelerisque ut, mollis sed, nonummy id, metus. Nullam accumsan lorem in dui. Cras ultricies mi eu turpis hendrerit fringilla. Vestibulum ante ipsum primis in faucibus orci luctus et ultrices posuere cubilia Curae; In ac dui quis mi consectetuer lacinia. Nam pretium turpis et arcu. Duis arcu tortor, suscipit eget, imperdiet nec, imperdiet iaculis, ipsum. Sed aliquam ultrices mauris. Integer ante arcu, accumsan a, consectetuer eget, posuere ut, mauris. Praesent adipiscing. Phasellus ullamcorper ipsum rutrum nunc. Nunc nonummy metus. Vestibulum volutpat pretium libero. Cras id dui. Aenean ut eros et nisl sagittis vestibulum. Nullam nulla eros, ultricies sit amet, nonummy id, imperdiet feugiat, pede. Sed lectus. Donec mollis hendrerit risus. Phasellus nec sem in justo pellentesque facilisis. Etiam imperdiet imperdiet orci. Nunc nec neque. Phasellus leo dolor, tempus non, auctor et, hendrerit quis, nisi. Curabitur ligula sapien, tincidunt non, euismod vitae, posuere imperdiet, leo. Maecenas malesuada. Praesent congue erat at massa. Sed cursus turpis vitae tortor. Donec posuere vulputate arcu. Phasellus accumsan cursus velit. Vestibulum ante ipsum primis in faucibus orci luctus et ultrices posuere cubilia Curae; Sed aliquam, nisi quis porttitor congue, elit erat euismod orci, ac placerat dolor lectus quis orci. Phasellus consectetuer vestibulum elit. Aenean tellus metus, bibendum sed, posuere ac, mattis non, nunc. Vestibulum fringilla pede sit amet augue. In turpis. Pellentesque posuere. Praesent turpis. Aenean posuere, tortor sed cursus feugiat, nunc augue blandit nunc, eu sollicitudin urna dolor sagittis lacus. Donec elit libero, sodales nec, volutpat a, suscipit non, turpis. Nullam sagittis. Suspendisse pulvinar, augue ac venenatis condimentum, sem libero volutpat nibh, nec pellentesque velit pede quis nunc. Vestibulum ante ipsum primis in faucibus orci luctus et ultrices posuere cubilia Curae; Fusce id purus. Ut varius tincidunt libero. Phasellus dolor. Maecenas vestibulum mollis diam. Pellentesque ut neque. Pellentesque habitant morbi tristique senectus et netus et malesuada fames ac turpis egestas. In dui magna, posuere eget, vestibulum et, tempor auctor, justo. In ac felis quis tortor malesuada pretium. Pellentesque auctor neque nec urna. Proin sapien ipsum, porta a, auctor quis, euismod ut, mi. Aenean viverra rhoncus pede. Pellentesque habitant morbi tristique senectus et netus et malesuada fames ac turpis egestas. Ut non enim eleifend felis pretium feugiat. Vivamus quis mi. Phasellus a est. Phasellus magna. In hac habitasse platea dictumst. Curabitur at lacus ac velit ornare lobortis. Curabitur a felis in nunc fringilla tristique. Morbi mattis ullamcorper velit. Phasellus gravida semper nisi. Nullam vel sem. Pellentesque libero tortor, tincidunt et, tincidunt eget, semper nec, quam. Sed hendrerit. Morbi ac felis. Nunc egestas, augue at pellentesque laoreet, felis eros vehicula leo, at malesuada velit leo quis pede. Donec interdum, metus et hendrerit aliquet, dolor diam sagittis ligula, eget egestas libero turpis vel mi. Nunc nulla. Fusce risus nisl, viverra et, tempor et, pretium in, sapien. Donec venenatis vulputate lorem. Morbi nec metus. Phasellus blandit leo ut odio. Maecenas ullamcorper, dui et placerat feugiat, eros pede varius nisi, condimentum viverra felis nunc et lorem. Sed magna purus, fermentum eu, tincidunt eu, varius ut, felis. In auctor lobortis lacus. Quisque libero metus, condimentum nec, tempor a, commodo mollis, magna. Vestibulum ullamcorper mauris at ligula. Fusce fermentum. Nullam cursus lacinia erat. Praesent blandit laoreet nibh. Fusce convallis metus id felis luctus adipiscing. Pellentesque egestas, neque sit amet convallis pulvinar, justo nulla eleifend augue, ac auctor orci leo non est. Quisque id mi. Ut tincidunt tincidunt erat. Etiam feugiat lorem non metus. Vestibulum dapibus nunc ac augue. Curabitur vestibulum aliquam leo. Praesent egestas neque eu enim. In hac habitasse platea dictumst. Fusce a quam. Etiam ut purus mattis mauris sodales aliquam. Curabitur nisi. Quisque malesuada placerat nisl. Nam ipsum risus, rutrum vitae, vestibulum eu, molestie vel, lacus. Sed augue ipsum, egestas nec, vestibulum et, malesuada adipiscing, dui. Vestibulum facilisis, purus nec pulvinar iaculis, ligula mi congue nunc, vitae euismod ligula urna in dolor. Mauris sollicitudin fermentum libero. Praesent nonummy mi in odio. Nunc interdum lacus sit amet orci. Vestibulum rutrum, mi nec elementum vehicula, eros quam gravida nisl, id fringilla neque ante vel mi. Morbi mollis tellus ac sapien. Phasellus volutpat, metus eget egestas mollis, lacus lacus blandit dui, id egestas quam mauris ut lacus. Fusce vel dui. Sed in libero ut nibh placerat accumsan. Proin faucibus arcu quis ante. In consectetuer turpis ut velit. Nulla sit amet est. Praesent metus tellus, elementum eu, semper a, adipiscing nec, purus. Cras risus ipsum, faucibus ut, ullamcorper id, varius ac, leo. Suspendisse feugiat. Suspendisse enim turpis, dictum sed, iaculis a, condimentum nec, nisi. Praesent nec nisl a purus blandit viverra. Praesent ac massa at ligula laoreet iaculis. Nulla neque dolor, sagittis eget, iaculis quis, molestie non, velit. Mauris turpis nunc, blandit et, volutpat molestie, porta ut, ligula. Fusce pharetra convallis urna. Quisque ut nisi. Donec mi odio, faucibus at, scelerisque quis,"},{"text":"Evade Rapier","url":"https://www.nw-buddy.de/gearsets/embed/suyv5yevd0kt1ag/9f1r4hr_gvvtt-w1","rotation_text":"testerino"},{"text":"Spear / GA","url":"https://www.nw-buddy.de/gearsets/embed/suyv5yevd0kt1ag/v2s-gffo7w527gq4"},{"text":"BB / FS","url":"https://www.nw-buddy.de/gearsets/embed/suyv5yevd0kt1ag/m06y2gi6of289qlx"},{"text":"Healer / VG","url":"https://www.nw-buddy.de/gearsets/embed/suyv5yevd0kt1ag/utyoxyvrughkq543"},{"text":"Tank (SnS / WH)","url":"https://www.nw-buddy.de/gearsets/embed/suyv5yevd0kt1ag/spbg-2jhqbncven9"},{"text":"Tank (SnS / Flail)","url":"https://www.nw-buddy.de/gearsets/embed/suyv5yevd0kt1ag/73-6z-jtmub9i2cn"}]},{"title":"GORGON","links":[{"text":"Beginner","url":"c","children":[{"text":"Bleed Rapier","url":"https://www.nw-buddy.de/gearsets/embed/suyv5yevd0kt1ag/5lnuk0xkchz68cnz","rotation_text":"<p><span style=\"text-decoration: underline;\"><strong><span data-sheets-root=\"1\">Gameplay</span></strong></span></p>\n<p><span data-sheets-root=\"1\">- Spam FnF &amp; Evade &gt; Light Attack &gt; Flurry (don't cancel flurry with evade)</span></p>\n<p><span data-sheets-root=\"1\"><span data-sheets-root=\"1\">-&nbsp;Bow/Musket/Fire Staff only for last boss if melee is too difficult.</span></span></p>"},{"text":"Evade Rapier","url":"https://www.nw-buddy.de/gearsets/embed/suyv5yevd0kt1ag/9v6vuw2kg0x79fiv","rotation_text":"TEST"},{"text":"Spear / FS","url":"https://www.nw-buddy.de/gearsets/embed/suyv5yevd0kt1ag/s6b3a1jmh-kh3k6k"},{"text":"Spear / SnS","url":"https://www.nw-buddy.de/gearsets/embed/suyv5yevd0kt1ag/yrsw38q_0ux9at03"},{"text":"BB / FS","url":"https://www.nw-buddy.de/gearsets/embed/suyv5yevd0kt1ag/eiku_yfsjatyyfp6"},{"text":"Hatchet / FS","url":"https://www.nw-buddy.de/gearsets/embed/suyv5yevd0kt1ag/ed0iq1y7bft-_r06"},{"text":"Hatchet / GS","url":"https://www.nw-buddy.de/gearsets/embed/suyv5yevd0kt1ag/kairv5qc37-rrd2o"},{"text":"Healer / VG","url":"https://www.nw-buddy.de/gearsets/embed/suyv5yevd0kt1ag/hm054oi7o6citkcv"},{"text":"Healer / Flail","url":"https://www.nw-buddy.de/gearsets/embed/suyv5yevd0kt1ag/ncum_wpn6p0y592z"},{"text":"Tank","url":"https://www.nw-buddy.de/gearsets/embed/suyv5yevd0kt1ag/718p9262gozcfjo3"}]},{"text":"Expert","url":"c","children":[{"text":"Bleed Rapier","url":"https://www.nw-buddy.de/gearsets/embed/suyv5yevd0kt1ag/5ct5z558gqbfrccu"},{"text":"Evade Rapier","url":"https://www.nw-buddy.de/gearsets/embed/suyv5yevd0kt1ag/fifp9cej6m1i05wb"},{"text":"Spear / FS","url":"https://www.nw-buddy.de/gearsets/embed/suyv5yevd0kt1ag/vbynpxzbke3qw263"},{"text":"Spear / SnS","url":"https://www.nw-buddy.de/gearsets/embed/suyv5yevd0kt1ag/87ttc8c7v3rsojyw"},{"text":"BB / FS","url":"https://www.nw-buddy.de/gearsets/embed/suyv5yevd0kt1ag/whi31bwphpktrfwd"},{"text":"Hatchet / FS","url":"https://www.nw-buddy.de/gearsets/embed/suyv5yevd0kt1ag/qab73bo2g7nenonu"},{"text":"Hatchet / GS","url":"https://www.nw-buddy.de/gearsets/embed/suyv5yevd0kt1ag/vw4gx70u7483b80h"},{"text":"Healer / VG","url":"https://www.nw-buddy.de/gearsets/embed/suyv5yevd0kt1ag/m4g-v7yd748hd58e"},{"text":"Healer / Flail","url":"https://www.nw-buddy.de/gearsets/embed/suyv5yevd0kt1ag/e-in_f0h7o484sw2"},{"text":"Tank","url":"https://www.nw-buddy.de/gearsets/embed/suyv5yevd0kt1ag/jzdlcl8brk4hluo1"}]}]},{"title":"WORM","links":[{"text":"Beginner","children":[{"text":"Bleed Rapier","url":"https://www.nw-buddy.de/gearsets/embed/suyv5yevd0kt1ag/p0oyzbg0xo8s0rlr","rotation_text":""},{"text":"Evade Rapier","url":"https://www.nw-buddy.de/gearsets/embed/suyv5yevd0kt1ag/8e5je3pbn5-qer0f"},{"text":"GS / Hatchet","url":"https://www.nw-buddy.de/gearsets/embed/suyv5yevd0kt1ag/31n8mvycvw1-9d3f"},{"text":"Spear / SnS","url":"https://www.nw-buddy.de/gearsets/embed/suyv5yevd0kt1ag/ch2csasy1_zq5ozs"},{"text":"Spear / WH","url":"https://www.nw-buddy.de/gearsets/embed/suyv5yevd0kt1ag/i86ip-z5nwgfh6ma"},{"text":"Healer / VG","url":"https://www.nw-buddy.de/gearsets/embed/suyv5yevd0kt1ag/d6_3ufpdk3--9da1"},{"text":"Healer / Flail","url":"https://www.nw-buddy.de/gearsets/embed/suyv5yevd0kt1ag/_yw2wnfh1s9pzxzt"}]},{"text":"Expert","children":[{"text":"Bleed Rapier","url":"https://www.nw-buddy.de/gearsets/embed/suyv5yevd0kt1ag/jzhwy3c50nwq5d81"},{"text":"Evade Rapier","url":"https://www.nw-buddy.de/gearsets/embed/suyv5yevd0kt1ag/rl1zu7w_t33mf5zh"},{"text":"1st Light","url":"https://www.nw-buddy.de/gearsets/embed/suyv5yevd0kt1ag/8mujax2kbffu4nwd"},{"text":"2nd Light","url":"https://www.nw-buddy.de/gearsets/embed/suyv5yevd0kt1ag/tke-q6x52kin_5-5"},{"text":"3rd Light","url":"https://www.nw-buddy.de/gearsets/embed/suyv5yevd0kt1ag/716-9_mpic_3536z"},{"text":"4th Light","url":"https://www.nw-buddy.de/gearsets/embed/suyv5yevd0kt1ag/-5ct6p9huvx_-9ag"},{"text":"Ranged Tank","url":"https://www.nw-buddy.de/gearsets/embed/suyv5yevd0kt1ag/a7mcej_ccgemy16w"},{"text":"Melee Tank","url":"https://www.nw-buddy.de/gearsets/embed/suyv5yevd0kt1ag/yda-lvw8i8osnl3k"},{"text":"Off Tank","url":"https://www.nw-buddy.de/gearsets/embed/suyv5yevd0kt1ag/w2n952mmxazwc_cn"},{"text":"Healer / VG","url":"https://www.nw-buddy.de/gearsets/embed/suyv5yevd0kt1ag/-cv_1hvdfohobbs0"},{"text":"Healer / Flail","url":"https://www.nw-buddy.de/gearsets/embed/suyv5yevd0kt1ag/u__0lrh5krlna14i"},{"text":"SnS / Venom","url":"https://www.nw-buddy.de/gearsets/embed/suyv5yevd0kt1ag/mcr1d0_myjchnm7o"},{"text":"Butcher / Hatchet","url":"https://www.nw-buddy.de/gearsets/embed/suyv5yevd0kt1ag/ak6k5duipuarw0tz"},{"text":"Evade / GS","url":"https://www.nw-buddy.de/gearsets/embed/suyv5yevd0kt1ag/ulbszn782_n1mrv4"},{"text":"SnS / WH","url":"https://www.nw-buddy.de/gearsets/embed/suyv5yevd0kt1ag/qmquz0db2nisrmgd"},{"text":"Evade / Spear","url":"https://www.nw-buddy.de/gearsets/embed/suyv5yevd0kt1ag/n-td5ryxbqn-uu0b"},{"text":"Mage","url":"https://www.nw-buddy.de/gearsets/embed/suyv5yevd0kt1ag/avk6-8mw6_hm3xpn"},{"text":"Evade / FS","url":"https://www.nw-buddy.de/gearsets/embed/suyv5yevd0kt1ag/ya_no_kzi48tlx95"}]}]},{"title":"OPR / CTF","links":[{"text":"Medium Crescent's Wave / Hatchet (New)","url":"https://www.nw-buddy.de/gearsets/embed/suyv5yevd0kt1ag/sbmy-k3s8fnzqma0"},{"text":"Medium Flail / VG (New)","url":"https://www.nw-buddy.de/gearsets/embed/suyv5yevd0kt1ag/4xogf28q2ytjvjy8"},{"text":"Medium Plague VB / Hatchet (New)","url":"https://www.nw-buddy.de/gearsets/embed/suyv5yevd0kt1ag/na40rzk2sfmt7lv0"},{"text":"Light Crescent's Wave / Hatchet (New)","url":"https://www.nw-buddy.de/gearsets/embed/suyv5yevd0kt1ag/4jd26inpfyo38ob_"},{"text":"Light DST Healer (Rapier OffHand)","url":"https://www.nw-buddy.de/gearsets/embed/suyv5yevd0kt1ag/-59wr0lnb_idy-en"},{"text":"Light DST Healer (Hatchet OffHand)","url":"https://www.nw-buddy.de/gearsets/embed/suyv5yevd0kt1ag/aok4e5mbjh6uhx91"},{"text":"Light FS / IG (AOE FS)","url":"https://www.nw-buddy.de/gearsets/embed/suyv5yevd0kt1ag/7erlehm35iy-h7u_"},{"text":"Light VB / FS","url":"https://www.nw-buddy.de/gearsets/embed/suyv5yevd0kt1ag/t5l7eirdz6wynan8"},{"text":"Light SnS / Hatchet","url":"https://www.nw-buddy.de/gearsets/embed/suyv5yevd0kt1ag/ty0bx3mohtqvhzcl"},{"text":"Light BB / IG","url":"https://www.nw-buddy.de/gearsets/embed/suyv5yevd0kt1ag/ttg4yge84i-y5-w1"},{"text":"Light BB / VG","url":"https://www.nw-buddy.de/gearsets/embed/suyv5yevd0kt1ag/pdjnk0a41bpuv0-s"},{"text":"Light Musket / VG","url":"https://www.nw-buddy.de/gearsets/embed/suyv5yevd0kt1ag/lbeoy0tl1hpkt1ej"},{"text":"Light Bow / Rapier","url":"https://www.nw-buddy.de/gearsets/embed/suyv5yevd0kt1ag/-z17ax4zxo2h8rbg"},{"text":"Medium Spear / Hatchet","url":"https://www.nw-buddy.de/gearsets/embed/suyv5yevd0kt1ag/8bm3zqvclz3xvahi"},{"text":"Medium VB / IG","url":"https://www.nw-buddy.de/gearsets/embed/suyv5yevd0kt1ag/84uidr8ezss25q2r"},{"text":"Medium WH / GA","url":"https://www.nw-buddy.de/gearsets/embed/suyv5yevd0kt1ag/xd1p_v-1kuv-uroh"}]},{"title":"WAR","links":[{"text":"Bruiser Medium WH / GA","url":"https://www.nw-buddy.de/gearsets/embed/suyv5yevd0kt1ag/yb8bc1-upqa-uiaa"},{"text":"Quad Heavy IG / VG","url":"https://www.nw-buddy.de/gearsets/embed/suyv5yevd0kt1ag/xtequde1nmhb7jsg"},{"text":"Quad Healer","url":"https://www.nw-buddy.de/gearsets/embed/suyv5yevd0kt1ag/65m_1jzlkd_o07nk"},{"text":"AOE Healer","url":"https://www.nw-buddy.de/gearsets/embed/suyv5yevd0kt1ag/8bke7c_zji1_j84w"},{"text":"DPS Classic FS / IG","url":"https://www.nw-buddy.de/gearsets/embed/suyv5yevd0kt1ag/2n3f1wqmaivniivv"},{"text":"DPS Plague FS / VG","url":"https://www.nw-buddy.de/gearsets/embed/suyv5yevd0kt1ag/wr0o1dlpht5r764h"},{"text":"KS Healer","url":"https://www.nw-buddy.de/gearsets/embed/suyv5yevd0kt1ag/6072fnu5q6tijhps"},{"text":"KS Medium SnS / GA","url":"https://www.nw-buddy.de/gearsets/embed/suyv5yevd0kt1ag/c9-u_a1rirsl7_2d"},{"text":"KS Medium IG / VG","url":"https://www.nw-buddy.de/gearsets/embed/suyv5yevd0kt1ag/5nml7cqttlzk5-cz"},{"text":"KS Medium Spear / Hatchet","url":"https://www.nw-buddy.de/gearsets/embed/suyv5yevd0kt1ag/jyxtsn68td7pme36"},{"text":"KS Heavy SnS / Spear","url":"https://www.nw-buddy.de/gearsets/embed/suyv5yevd0kt1ag/yz8g4rjldaj1d_w9"}]},{"title":"M3","links":[{"text":"Blood Rapier Tondo","url":"https://www.nw-buddy.de/gearsets/embed/suyv5yevd0kt1ag/hkr_--w-29k922rr"},{"text":"Blood Rapier Evade","url":"https://www.nw-buddy.de/gearsets/embed/suyv5yevd0kt1ag/q_9_xk4qftbumjcy"},{"text":"Evade Rapier","url":"https://www.nw-buddy.de/gearsets/embed/suyv5yevd0kt1ag/ngyg1qhdm-_oug1b"},{"text":"Spear Cyclone","url":"https://www.nw-buddy.de/gearsets/embed/suyv5yevd0kt1ag/l32d3aeas27fg391"},{"text":"Spear Sweep","url":"https://www.nw-buddy.de/gearsets/embed/suyv5yevd0kt1ag/cainejwuay5h9si6"},{"text":"Hatchet Rending Throw","url":"https://www.nw-buddy.de/gearsets/embed/suyv5yevd0kt1ag/5y8dz6c-lb6-29mo"},{"text":"Hatchet Infected Throw","url":"https://www.nw-buddy.de/gearsets/embed/suyv5yevd0kt1ag/-y3fca1od34_5-4b"},{"text":"Healer","url":"https://www.nw-buddy.de/gearsets/embed/suyv5yevd0kt1ag/j9qz4lpomvzxhdj3"},{"text":"SnS / Flail Tank","url":"https://www.nw-buddy.de/gearsets/embed/suyv5yevd0kt1ag/_z3dqz8ydjhdfl2n"},{"text":"GS / WH Tank","url":"https://www.nw-buddy.de/gearsets/embed/suyv5yevd0kt1ag/ft3tkq2deujaj46j"}]}]